dataset,prefix,fold,n_frames,estimated_nodes,estimated_per_frame,sparse_gt_nodes,sparse_gt_edges,sparse_gt_per_frame,sparse_fraction,annotated_frames,n_divisions,has_division,density_bin,is_downloadable_test_overlap
44b6_0113de3b,44b6,3,76,25755,338.88157894736844,52,50,0.6842105263157895,0.0020190254319549603,52,0,0,2,True
44b6_0b24845f,44b6,4,40,32795,819.875,51,49,1.275,0.00155511510901052,40,0,0,4,True
44b6_0c582fdc,44b6,4,71,27958,393.77464788732397,71,70,1.0,0.002539523571070892,71,0,0,2,False
44b6_0db75fae,44b6,3,89,15335,172.30337078651687,157,151,1.7640449438202248,0.010238017606781872,89,0,0,0,False
44b6_12dfb391,44b6,3,100,58672,586.72,788,773,7.88,0.013430597218434688,100,1,1,3,False
44b6_144b256d,44b6,2,100,65376,653.76,121,119,1.21,0.0018508321096426823,100,0,0,4,False
44b6_1574802b,44b6,4,95,17677,186.07368421052632,155,153,1.631578947368421,0.008768456186004412,95,0,0,0,False
44b6_18ced818,44b6,0,100,78644,786.44,100,99,1.0,0.0012715528203041553,100,0,0,4,False
44b6_1d530831,44b6,0,100,35825,358.25,276,271,2.76,0.007704117236566644,100,0,0,2,False
44b6_24264f12,44b6,0,87,26353,302.9080459770115,230,221,2.6436781609195403,0.008727659090046674,87,0,0,1,False
44b6_267148e4,44b6,4,100,19130,191.3,280,277,2.8,0.014636696288552013,100,1,1,0,False
44b6_2a2eff9f,44b6,0,100,56367,563.67,214,210,2.14,0.0037965476253836463,100,1,1,3,False
44b6_2f31fc2f,44b6,2,81,24368,300.8395061728395,89,85,1.0987654320987654,0.0036523309258043334,69,0,0,1,False
44b6_33b596bf,44b6,1,50,23330,466.6,50,49,1.0,0.0021431633090441492,50,0,0,3,False
44b6_341df25f,44b6,0,100,7436,74.36,216,209,2.16,0.029047875201721356,100,1,1,0,False
44b6_3a861e03,44b6,3,100,40546,405.46,935,919,9.35,0.023060227889310905,100,0,0,2,False
44b6_3bb3690f,44b6,3,100,31937,319.37,400,396,4.0,0.012524657920280553,100,0,0,1,False
44b6_40c45f5a,44b6,2,100,32681,326.81,200,198,2.0,0.006119763777118203,100,0,0,1,False
44b6_415c0a3a,44b6,3,100,57292,572.92,331,322,3.31,0.005777420931369127,100,0,0,3,False
44b6_53f95252,44b6,1,51,38715,759.1176470588235,70,68,1.3725490196078431,0.0018080847216841018,51,0,0,4,False
44b6_551a5dba,44b6,2,100,57627,576.27,228,224,2.28,0.003956478733926805,100,0,0,3,False
44b6_5740d24b,44b6,2,100,19730,197.3,173,170,1.73,0.00876837303598581,100,0,0,0,False
44b6_587a1e22,44b6,2,95,18137,190.9157894736842,381,371,4.010526315789473,0.021006781716932238,95,1,1,0,False
44b6_5f15d135,44b6,0,100,29519,295.19,278,273,2.78,0.009417663199972899,100,1,1,1,False
44b6_668e0cc7,44b6,1,100,39701,397.01,643,631,6.43,0.016196065590287398,100,0,0,2,False
44b6_66f9292d,44b6,4,100,52710,527.1,200,198,2.0,0.0037943464238284954,100,0,0,3,False
44b6_706092f0,44b6,0,100,69898,698.98,118,117,1.18,0.0016881741966866006,100,1,1,4,False
44b6_71a4179f,44b6,4,100,67688,676.88,121,119,1.21,0.0017876137572390971,100,0,0,4,False
44b6_74d0c52e,44b6,0,100,15090,150.9,140,139,1.4,0.00927766732935719,100,1,1,0,False
44b6_7a302da0,44b6,2,100,66858,668.58,516,507,5.16,0.00771784977115678,100,1,1,4,False
44b6_7e557709,44b6,1,100,56060,560.6,570,560,5.7,0.01016767748840528,100,0,0,3,False
44b6_808952d6,44b6,4,100,15742,157.42,181,179,1.81,0.011497903697115995,100,0,0,0,False
44b6_81c256f0,44b6,3,100,10052,100.52,199,197,1.99,0.019797055312375647,100,0,0,0,False
44b6_87bba6c4,44b6,3,81,28102,346.9382716049383,153,149,1.8888888888888888,0.005444452352145755,80,0,0,2,False
44b6_8cc6506c,44b6,2,100,32172,321.72,400,396,4.0,0.012433171702101207,100,0,0,1,False
44b6_8f5ab931,44b6,0,100,27571,275.71,616,604,6.16,0.022342316201806246,100,0,0,1,False
44b6_8f9ecab4,44b6,3,100,74833,748.33,374,370,3.74,0.004997795090401293,100,0,0,4,False
44b6_90724892,44b6,2,57,25532,447.9298245614035,105,103,1.8421052631578947,0.004112486291712361,57,0,0,2,False
44b6_949adeb1,44b6,0,76,37179,489.19736842105266,388,378,5.105263157894737,0.010435998816536217,76,0,0,3,False
44b6_95029e92,44b6,1,100,5161,51.61,200,198,2.0,0.03875217981011432,100,0,0,0,False
44b6_97725144,44b6,2,100,35774,357.74,225,221,2.25,0.00628948398278079,100,0,0,2,False
44b6_996155de,44b6,3,100,7573,75.73,380,377,3.8,0.05017826488841939,100,1,1,0,False
44b6_9be80b04,44b6,3,100,57877,578.77,222,220,2.22,0.0038357205798503725,100,1,1,3,False
44b6_9bfa6a0a,44b6,4,100,64308,643.08,264,259,2.64,0.004105243515581265,100,0,0,4,False
44b6_a21120c2,44b6,3,85,23040,271.05882352941177,296,286,3.4823529411764707,0.012847222222222222,85,2,1,1,False
44b6_a2bb48bb,44b6,3,100,60613,606.13,416,410,4.16,0.0068632141619784535,100,0,0,4,False
44b6_aaf8b0ea,44b6,4,100,22099,220.99,209,206,2.09,0.009457441513190641,100,1,1,1,False
44b6_abf82518,44b6,4,58,27604,475.9310344827586,96,94,1.6551724137931034,0.003477756846833792,58,0,0,3,False
44b6_b2c44266,44b6,2,100,59729,597.29,170,168,1.7,0.002846188618593983,100,0,0,4,False
44b6_c15fded2,44b6,1,54,20585,381.2037037037037,104,102,1.9259259259259258,0.005052222492105902,54,0,0,2,False
44b6_c50204e0,44b6,2,100,47078,470.78,333,325,3.33,0.007073367602701899,100,2,1,3,False
44b6_c771cb04,44b6,0,100,53345,533.45,227,223,2.27,0.00425531914893617,100,0,0,3,False
44b6_c8e2a523,44b6,2,81,33144,409.18518518518516,168,164,2.074074074074074,0.005068790731354091,81,1,1,2,False
44b6_c96cfa10,44b6,0,100,46236,462.36,629,616,6.29,0.013604118003287482,100,0,0,2,False
44b6_cf2536e8,44b6,1,76,57565,757.4342105263158,76,75,1.0,0.0013202466776687223,76,0,0,4,False
44b6_cf8fed6b,44b6,1,94,43729,465.20212765957444,191,188,2.0319148936170213,0.004367810834915045,94,0,0,2,False
44b6_d29c9ab2,44b6,0,100,38055,380.55,1353,1328,13.53,0.03555380370516358,100,0,0,2,False
44b6_d2f34f90,44b6,4,100,24074,240.74,283,281,2.83,0.01175542078591011,100,2,1,1,False
44b6_d5e7d891,44b6,4,100,44848,448.48,906,893,9.06,0.020201569746699965,100,2,1,2,False
44b6_d754aa59,44b6,1,68,5171,76.04411764705883,72,70,1.0588235294117647,0.013923805840263006,67,1,1,0,False
44b6_d78e09d9,44b6,4,100,22259,222.59,463,451,4.63,0.02080057504829507,100,0,0,1,False
44b6_db3c847b,44b6,0,100,15023,150.23,165,162,1.65,0.01098315915596086,87,0,0,0,False
44b6_ddf577ad,44b6,1,100,53492,534.92,659,647,6.59,0.012319599192402603,100,0,0,3,False
44b6_deabac95,44b6,1,84,13989,166.53571428571428,126,124,1.5,0.009007076989062834,83,1,1,0,False
44b6_e28840c6,44b6,1,100,74686,746.86,311,309,3.11,0.004164100366869293,100,2,1,4,False
44b6_e29f0176,44b6,3,51,12969,254.2941176470588,51,50,1.0,0.003932454314133704,51,0,0,1,False
44b6_e31261b4,44b6,0,82,72856,888.4878048780488,116,113,1.4146341463414633,0.0015921818381464806,82,0,0,4,False
44b6_e35b117d,44b6,1,100,28641,286.41,270,266,2.7,0.00942704514507175,100,0,0,1,False
44b6_e57ff5c6,44b6,2,100,20314,203.14,193,186,1.93,0.009500836861277936,100,0,0,0,False
44b6_eb2880fc,44b6,4,100,48084,480.84,390,379,3.9,0.008110806089343649,100,1,1,3,False
44b6_f28707c6,44b6,1,65,18656,287.0153846153846,63,61,0.9692307692307692,0.0033769296740994853,63,0,0,1,False
6bba_05b6850b,6bba,1,100,6362,63.62,861,845,8.61,0.13533480037723986,100,0,0,1,True
6bba_05db0fb1,6bba,2,100,69800,698.0,1229,1183,12.29,0.017607449856733525,100,3,1,4,True
6bba_062c8d37,6bba,3,100,6030,60.3,930,898,9.3,0.15422885572139303,99,1,1,1,False
6bba_07477033,6bba,1,100,4836,48.36,613,602,6.13,0.12675765095119934,100,0,0,0,False
6bba_07e24132,6bba,4,100,21485,214.85,359,345,3.59,0.01670933209215732,100,2,1,3,False
6bba_085bf656,6bba,1,100,8463,84.63,1198,1168,11.98,0.14155736736381896,100,1,1,2,False
6bba_09961292,6bba,4,100,31117,311.17,1950,1871,19.5,0.06266670951569882,100,4,1,4,False
6bba_0c7fa718,6bba,3,100,13650,136.5,704,659,7.04,0.051575091575091575,94,0,0,3,False
6bba_0e7c0d07,6bba,0,86,22467,261.24418604651163,209,198,2.4302325581395348,0.009302532603373838,84,1,1,3,False
6bba_12665c0e,6bba,3,100,8314,83.14,1036,998,10.36,0.12460909309598268,100,3,1,2,False
6bba_13f19531,6bba,4,100,5773,57.73,737,704,7.37,0.1276632600034644,100,0,0,0,False
6bba_15403b9a,6bba,3,100,6889,68.89,758,729,7.58,0.11003048337930034,100,0,0,1,False
6bba_1d0d8384,6bba,0,100,17909,179.09,1438,1365,14.38,0.08029482383159306,100,1,1,3,False
6bba_1ebfb80d,6bba,0,100,11558,115.58,745,719,7.45,0.06445751860183423,100,0,0,2,False
6bba_1f58c2f6,6bba,2,100,28903,289.03,317,299,3.17,0.010967719613880912,99,0,0,4,False
6bba_207c6aaf,6bba,2,100,11999,119.99,475,450,4.75,0.03958663221935161,100,1,1,2,False
6bba_20852818,6bba,2,100,9758,97.58,952,909,9.52,0.0975609756097561,100,3,1,2,False
6bba_2312ac41,6bba,2,100,11950,119.5,1156,1132,11.56,0.09673640167364017,100,2,1,2,False
6bba_23af9eeb,6bba,0,100,4450,44.5,513,499,5.13,0.1152808988764045,100,0,0,0,False
6bba_2540cd90,6bba,4,100,3783,37.83,529,523,5.29,0.13983610890827386,100,0,0,0,False
6bba_2646afc7,6bba,3,100,5495,54.95,738,721,7.38,0.1343039126478617,100,0,0,0,False
6bba_268e1230,6bba,0,100,5107,51.07,641,609,6.41,0.12551400039161933,100,1,1,0,False
6bba_2819ca14,6bba,3,100,5534,55.34,986,949,9.86,0.17817130466208891,100,1,1,0,False
6bba_283bf9f1,6bba,2,100,20861,208.61,1342,1288,13.42,0.06433056900436221,100,0,0,3,False
6bba_312f0dc3,6bba,3,81,9963,123.0,520,500,6.419753086419753,0.05219311452373783,81,0,0,2,False
6bba_32db13fc,6bba,4,100,38705,387.05,862,811,8.62,0.0222710244154502,99,1,1,4,False
6bba_337b1b3a,6bba,0,81,30480,376.2962962962963,1272,1213,15.703703703703704,0.04173228346456693,81,2,1,4,False
6bba_372c8cb8,6bba,3,100,7021,70.21,1036,1007,10.36,0.14755732801595214,100,0,0,1,False
6bba_3a1849c2,6bba,0,100,7003,70.03,1173,1142,11.73,0.1674996430101385,100,0,0,1,False
6bba_3abfe10a,6bba,0,82,52065,634.939024390244,997,935,12.158536585365853,0.019149140497455103,82,1,1,4,False
6bba_3c5691b6,6bba,1,100,6258,62.58,765,746,7.65,0.12224352828379674,100,2,1,1,False
6bba_3db54e20,6bba,4,100,23236,232.36,502,474,5.02,0.021604406954725427,95,1,1,3,False
6bba_3fda6b25,6bba,4,99,9842,99.41414141414141,1207,1179,12.191919191919192,0.12263767526925422,99,1,1,2,False
6bba_43fea39d,6bba,2,100,5748,57.48,910,880,9.1,0.1583159359777314,100,0,0,0,False
6bba_474be664,6bba,1,100,28293,282.93,292,286,2.92,0.010320573993567313,100,1,1,4,False
6bba_48816121,6bba,4,100,23965,239.65,935,918,9.35,0.03901523054454413,100,5,1,3,False
6bba_4aa14c89,6bba,4,100,6787,67.87,707,681,7.07,0.10416973626049801,100,0,0,1,False
6bba_4f99ce20,6bba,0,100,5965,59.65,1057,1010,10.57,0.1772003352891869,99,2,1,1,False
6bba_4ffd3da3,6bba,3,100,17637,176.37,706,689,7.06,0.040029483472245844,100,3,1,3,False
6bba_55b7eebe,6bba,1,100,5257,52.57,705,688,7.05,0.13410690507894235,100,1,1,0,False
6bba_55c70843,6bba,0,87,35415,407.0689655172414,490,467,5.632183908045977,0.013835945220951574,82,0,0,4,False
6bba_57b7cc1e,6bba,4,100,65511,655.11,1659,1592,16.59,0.025323991390758804,100,3,1,4,False
6bba_5a4d9360,6bba,2,100,5976,59.76,747,722,7.47,0.125,100,0,0,1,False
6bba_5b28472a,6bba,4,100,5802,58.02,737,724,7.37,0.12702516373664255,100,0,0,1,False
6bba_5c039895,6bba,1,100,8570,85.7,1174,1145,11.74,0.1369894982497083,100,3,1,2,False
6bba_5c824876,6bba,3,100,24647,246.47,1170,1130,11.7,0.04747028035866434,100,1,1,3,False
6bba_5dfe9ad1,6bba,1,100,26913,269.13,1542,1487,15.42,0.05729573068777171,100,0,0,3,False
6bba_5f89039d,6bba,2,100,4611,46.11,904,885,9.04,0.19605291693775753,100,0,0,0,False
6bba_61dd1e0d,6bba,1,100,10128,101.28,558,543,5.58,0.05509478672985782,100,0,0,2,False
6bba_61ecbe65,6bba,3,100,5774,57.74,640,614,6.4,0.11084170419120194,100,1,1,0,False
6bba_6321a359,6bba,3,100,4821,48.21,827,798,8.27,0.17154117403028418,99,1,1,0,False
6bba_6479435d,6bba,1,100,23453,234.53,617,580,6.17,0.02630793501897412,95,0,0,3,False
6bba_67ebd073,6bba,3,100,16061,160.61,462,438,4.62,0.02876533217109769,100,1,1,3,False
6bba_6ca87370,6bba,2,100,7195,71.95,1081,1052,10.81,0.15024322446143154,100,1,1,1,False
6bba_6db0e9b4,6bba,4,88,28435,323.125,449,440,5.1022727272727275,0.015790399155969755,88,0,0,4,False
6bba_6feb10f0,6bba,3,100,8862,88.62,1368,1343,13.68,0.15436696005416384,100,0,0,2,False
6bba_6feeb0b1,6bba,0,100,7518,75.18,1389,1343,13.89,0.18475658419792498,100,0,0,1,False
6bba_705ec2c9,6bba,2,100,5600,56.0,596,562,5.96,0.10642857142857143,100,1,1,0,False
6bba_718b21f9,6bba,2,100,4306,43.06,661,652,6.61,0.15350673478866697,100,0,0,0,False
6bba_74686d6a,6bba,3,100,29803,298.03,586,576,5.86,0.019662450088917222,100,2,1,4,False
6bba_767a1e17,6bba,1,54,47714,883.5925925925926,718,658,13.296296296296296,0.015047994299367063,47,0,0,4,False
6bba_76db78c1,6bba,1,100,4855,48.55,617,604,6.17,0.1270854788877446,100,0,0,0,False
6bba_784a78c9,6bba,3,100,13096,130.96,1788,1739,17.88,0.13653023824068417,100,1,1,3,False
6bba_786893ac,6bba,1,100,58979,589.79,1465,1395,14.65,0.024839349599009818,100,3,1,4,False
6bba_789f8168,6bba,3,100,10676,106.76,713,681,7.13,0.06678531285125515,100,0,0,2,False
6bba_78a7bd97,6bba,2,94,40613,432.0531914893617,886,832,9.425531914893616,0.021815674783936177,94,2,1,4,False
6bba_7af54fde,6bba,4,100,9624,96.24,1131,1092,11.31,0.11751870324189526,100,2,1,2,False
6bba_7b5d3b2c,6bba,2,100,5780,57.8,565,555,5.65,0.09775086505190311,100,0,0,0,False
6bba_7d3058ae,6bba,4,100,7611,76.11,1200,1173,12.0,0.15766653527788727,100,2,1,1,False
6bba_7f87b3d8,6bba,0,100,10581,105.81,1000,934,10.0,0.09450902561194593,99,3,1,2,False
6bba_80d12824,6bba,3,100,9021,90.21,680,654,6.8,0.07537966965968296,100,1,1,2,False
6bba_825bd1c6,6bba,4,100,7586,75.86,968,930,9.68,0.12760348009491168,100,0,0,1,False
6bba_87289e13,6bba,0,100,14966,149.66,724,699,7.24,0.04837631965789122,100,1,1,3,False
6bba_8b7818bf,6bba,1,100,5828,58.28,741,725,7.41,0.12714481811942346,100,2,1,1,False
6bba_907271db,6bba,1,100,7306,73.06,945,921,9.45,0.1293457432247468,100,1,1,1,False
6bba_91951b3a,6bba,2,100,11907,119.07,1188,1148,11.88,0.09977324263038549,100,0,0,2,False
6bba_96833384,6bba,0,100,4869,48.69,758,721,7.58,0.15567878414458822,98,0,0,0,False
6bba_969618f6,6bba,2,100,13888,138.88,679,658,6.79,0.04889112903225806,100,3,1,3,False
6bba_971fa5e0,6bba,4,100,5609,56.09,792,767,7.92,0.1412016402210733,100,0,0,0,False
6bba_9a41d029,6bba,2,100,18231,182.31,1401,1353,14.01,0.07684712851736054,100,2,1,3,False
6bba_9e23430b,6bba,0,100,7708,77.08,914,891,9.14,0.11857810067462377,100,1,1,1,False
6bba_a5e926bb,6bba,0,100,8440,84.4,741,698,7.41,0.08779620853080569,100,0,0,2,False
6bba_a90a0b9c,6bba,3,100,36896,368.96,1147,1112,11.47,0.031087380745880314,100,0,0,4,False
6bba_ab78413d,6bba,0,100,9241,92.41,1179,1138,11.79,0.1275835948490423,100,2,1,2,False
6bba_acd782a8,6bba,4,88,19710,223.97727272727272,356,330,4.045454545454546,0.018061897513952308,88,0,0,3,False
6bba_ae82a791,6bba,1,100,7403,74.03,1495,1471,14.95,0.20194515736863433,100,0,0,1,False
6bba_aeee7805,6bba,4,100,5034,50.34,795,768,7.95,0.15792610250297973,100,1,1,0,False
6bba_af149c94,6bba,0,100,8933,89.33,1350,1317,13.5,0.15112504197917834,100,0,0,2,False
6bba_afb141ff,6bba,3,100,6054,60.54,654,626,6.54,0.10802775024777007,100,4,1,1,False
6bba_b1ae37b9,6bba,1,88,24298,276.1136363636364,612,579,6.954545454545454,0.02518725821055231,88,0,0,4,False
6bba_b204cac7,6bba,0,100,5092,50.92,826,811,8.26,0.1622152395915161,100,2,1,0,False
6bba_b329af44,6bba,3,100,62465,624.65,1316,1268,13.16,0.02106779796686144,100,1,1,4,False
6bba_b693381b,6bba,4,100,5558,55.58,983,935,9.83,0.17686218064051817,99,0,0,0,False
6bba_bb9f20c3,6bba,1,96,23071,240.32291666666666,1925,1879,20.052083333333332,0.0834380824411599,96,3,1,3,False
6bba_bbb708ca,6bba,2,100,6785,67.85,892,861,8.92,0.13146647015475313,100,0,0,1,False
6bba_c27cba08,6bba,0,100,6445,64.45,517,493,5.17,0.08021722265321955,100,0,0,1,False
6bba_c328f2fd,6bba,1,96,31228,325.2916666666667,511,500,5.322916666666667,0.016363519918022287,96,2,1,4,False
6bba_c73a1d11,6bba,2,95,16315,171.73684210526315,737,710,7.757894736842105,0.045173153539687406,95,0,0,3,False
6bba_cdcfe533,6bba,0,82,29785,363.2317073170732,1419,1348,17.304878048780488,0.047641430250125905,82,4,1,4,False
6bba_cf35214c,6bba,1,100,34890,348.9,842,817,8.42,0.02413298939524219,100,0,0,4,False
6bba_cff5865f,6bba,3,97,46362,477.9587628865979,1571,1501,16.195876288659793,0.033885509684655535,97,0,0,4,False
6bba_d0fc38b5,6bba,3,100,6111,61.11,835,813,8.35,0.13663884797905415,100,0,0,1,False
6bba_d1acb6ff,6bba,1,100,14719,147.19,681,643,6.81,0.04626673007677152,100,1,1,3,False
6bba_d2b9fc0c,6bba,4,100,20178,201.78,944,921,9.44,0.04678362573099415,100,2,1,3,False
6bba_d3da753b,6bba,1,100,17246,172.46,887,857,8.87,0.051432216166067496,100,1,1,3,False
6bba_d5eae175,6bba,0,98,4519,46.11224489795919,528,519,5.387755102040816,0.11684000885151583,98,0,0,0,False
6bba_d6ecebbb,6bba,2,100,5359,53.59,886,862,8.86,0.1653293524911364,100,0,0,0,False
6bba_d82a4fc6,6bba,0,100,27716,277.16,545,530,5.45,0.019663732140279982,100,0,0,4,False
6bba_debd7bfa,6bba,1,100,11807,118.07,766,729,7.66,0.0648767680189718,100,4,1,2,False
6bba_df673a83,6bba,0,99,19239,194.33333333333334,668,654,6.747474747474747,0.03472113935235719,99,4,1,3,False
6bba_e16ffc58,6bba,2,100,6367,63.67,964,942,9.64,0.1514056855662007,100,1,1,1,False
6bba_e5e44988,6bba,1,100,5615,56.15,666,634,6.66,0.11861086375779163,100,0,0,0,False
6bba_ebdf3b34,6bba,2,100,56847,568.47,847,803,8.47,0.01489964290112055,99,2,1,4,False
6bba_ebff6e76,6bba,4,100,41596,415.96,1318,1264,13.18,0.03168573901336667,100,0,0,4,False
6bba_ed9377fd,6bba,3,100,4443,44.43,531,508,5.31,0.11951384199864956,100,0,0,0,False
6bba_edf14583,6bba,2,100,59242,592.42,801,760,8.01,0.013520812936767834,100,0,0,4,False
6bba_eebc57a5,6bba,4,100,9347,93.47,1026,989,10.26,0.10976783994864663,100,0,0,2,False
6bba_ef7b4f7e,6bba,2,98,6107,62.316326530612244,1234,1201,12.591836734693878,0.20206320615686918,98,2,1,1,False
6bba_f17befbc,6bba,0,100,24963,249.63,1078,1015,10.78,0.04318391219004126,99,0,0,3,False
6bba_f1fde7e0,6bba,4,100,9040,90.4,476,446,4.76,0.05265486725663717,99,0,0,2,False
6bba_f20478e9,6bba,4,100,5973,59.73,1003,963,10.03,0.16792231709358782,100,1,1,1,False
6bba_f4ae811c,6bba,2,100,8903,89.03,1001,965,10.01,0.11243401100752555,100,0,0,2,False
6bba_f8ffd5e7,6bba,3,100,29540,295.4,389,370,3.89,0.013168584969532836,93,2,1,4,False
6bba_fbc898dc,6bba,1,100,4889,48.89,655,639,6.55,0.13397422785845775,100,0,0,0,False
6bba_fc516dc6,6bba,3,100,7866,78.66,788,762,7.88,0.10017798118484618,100,0,0,2,False
6bba_fc5f39dc,6bba,2,100,14020,140.2,471,458,4.71,0.03359486447931526,100,2,1,3,False
6bba_fc83837d,6bba,4,100,13087,130.87,957,923,9.57,0.07312600290364484,100,0,0,2,False
6bba_fe670320,6bba,1,100,10836,108.36,716,680,7.16,0.06607604282022887,100,2,1,2,False
